sr_no,is_number,product,notification,notification_links
S.No.,Products Category,Total License(s),,[]
1,Amplifiers With Input Power 2000w And Above,70,,[]
2,Automatic Data Processing Machine,2638,,[]
3,Electronic Clocks With Mains Power,2,,[]
4,Electronic Games (Video),28,,[]
5,Electronic Musical Systems With Input Power 200w And Above,244,,[]
6,Laptop/Notebook/Tablet,391,,[]
7,Microwave Ovens,77,,[]
8,Optical Disc Players With Built In Amplifiers Of Input Power 200w And Above,0,,[]
9,Plasma/Lcd/Led Televisions,390,,[]
10,"Printers, Plotters",494,,[]
11,Scanners,366,,[]
12,Set Top Box,97,,[]
13,Telephone Answering Machines,7,,[]
14,"Visual Display Units, Videos Monitors",1026,,[]
15,Wireless Keyboards,196,,[]
16,Cash Registers,6,,[]
17,Copying Machines/Duplicators,2,,[]
18,Passport Reader,8,,[]
19,Point Of Sale Terminals,189,,[]
20,Mail Processing Machines/Postage Machines/Franking Machines,3,,[]
21,Power Banks For Use In Portable Applications,846,,[]
22,Smart Card Reader,101,,[]
23,Mobile Phones,202,,[]
24,Self-Ballasted Led Lamps For General Lighting Services,596,,[]
25,Dc Or Ac Supplied Electronic Controlgear For Led Modules,1396,,[]
26,"Power Adaptors For Audio,Video And Similar Electronic Apparatus",146,,[]
27,Power Adaptors For It Equipments,2163,,[]
28,Fixed General Purpose Led Luminaires,1853,,[]
29,Ups/Invertors,308,,[]
30,Sealed Secondary Cells/Batteries Containing Alkaline Or Other Non-Acid Electrolytes For Use In Portable Applications,3029,,[]
31,Indian Language Support For Mobile Phone Handsets,Licence is granted under the product category 'Mobile Phone',,[]
32,Recessed Led Luminaries,1337,,[]
33,Led Luminaires For Road And Street Lighting,1097,,[]
34,Led Hand Lamps,37,,[]
35,Led Flood Lights,1099,,[]
36,Led Lighting Chains,589,,[]
37,Led Luminaires For Emergency Lighting,46,,[]
38,"Visual Display Units, Video Monitors Of Screen Size Upto 32","Visual Display Units, Video Monitors of screen size upto 32",,[]
39,Ups/Inverters Of Rating <= 10kva,Licence is granted under the product category 'UPS/Inverters',,[]
40,"Usb Driven Barcode Readers, Barcode Scanners, Iris Scanners, Optical Fingerprint Scanners",Licence is granted under the product category 'Scanners',,[]
41,Cctv Cameras/Cctv Recorders,523,,[]
42,Adapters For Household And Similar Electrical Appliances,143,,[]
43,Plasma/ Lcd/Led Television Of Screen Size Up-To 32,Licence is granted under the product category 'Plasma/ LCD/LED Television',,[]
44,Smart Watches,271,,[]
45,Independent Led Modules For General Lighting,92,,[]
46,Lighting Chain (Rope Lights),266,,[]
47,Keyboard,268,,[]
48,Induction Stove,256,,[]
49,Automatic Teller Cash Dispensing Machines,16,,[]
50,Usb Type External Hard Disk Drive,23,,[]
51,Wireless Headphone And Earphone,898,,[]
52,Usb Type  External  Solid-State Storage Devices (Above 256 Gb Capacity),44,,[]
53,Electronic Musical System With Input Power Below 200 Watts,328,,[]
54,Standalone Switch Mode Power Supplies (Smps),358,,[]
55,Television Other Than Plasma/ Lcd/Led Tvs,0,,[]
56,Rice Cooker,166,,[]
57,Wireless Microphone,200,,[]
58,Digital Camera,111,,[]
59,Video Camera,338,,[]
60,Webcam (Finished Product),169,,[]
61,Smart Speakers (With And Without Display),58,,[]
62,Dimmers For Led Products,17,,[]
63,Bluetooth Speakers,411,,[]
64,Crystalline Silicon Terrestrial Photovoltaic (Pv) Modules (Si Wafer Based),498,,[]
65,"Thin-Film Terrestrial Photovoltaic (Pv) Modules (A-Si, Cigs And Cdte)",3,,[]
66,Power Invertors For Use In Photovoltaic Power System,59,,[]
67,Utility-Interconnected Photovoltaic Inverters,335,,[]
68,Storage Battery,16,,[]
69,Orthophosphoric Acid,30,,[]
70,Trimethyl Phosphite  Technical Grade,1,,[]
71,Polyphosphoric Acid,10,,[]
72,Television Sets,0,,[]
73,"Thin-Film Terrestrial Photovoltaic (Pv) Modules [Cdte, A-Si, Cu(In, Ga)(S,Se)2]",0,,[]
74,Storage Battery,51,,[]
75,"Extended Reality Products (Augmented Reality, Virtual Reality, Mixed Reality Etc.)",4,,[]
,Total,,,[]
